"종목코드","기준일","지표","값"
"000020","20250728","PER","-116.963"
"000020","20250728","PSR","0.3967"
"000020","20250728","PCR","-11.9198"
"000020","20250728","PBR","0.4642"
"000040","20250728","PER","-4.4038"
"000040","20250728","PSR","1.772"
"000040","20250728","PCR","-6.8059"
"000040","20250728","PBR","0.9477"
"000050","20250728","PER","7.8493"
"000050","20250728","PSR","0.514"
"000050","20250728","PCR","4.8459"
"000050","20250728","PBR","0.2748"
"000070","20250728","PER","8.9356"
"000070","20250728","PSR","0.2113"
"000070","20250728","PCR","3.9067"
"000070","20250728","PBR","0.2512"
"000080","20250728","PER","13.1338"
"000080","20250728","PSR","0.5455"
"000080","20250728","PCR","3.942"
"000080","20250728","PBR","1.2314"
"000100","20250728","PER","177.1676"
"000100","20250728","PSR","4.549"
"000100","20250728","PCR","189.3741"
"000100","20250728","PBR","4.4941"
"000120","20250728","PER","7.9695"
"000120","20250728","PSR","0.166"
"000120","20250728","PCR","3.3401"
"000120","20250728","PBR","0.4915"
"000140","20250728","PER","2.3834"
"000140","20250728","PSR","0.0924"
"000140","20250728","PCR","0.7101"
"000140","20250728","PBR","0.2065"
"000150","20250728","PER","101.2934"
"000150","20250728","PSR","0.4938"
"000150","20250728","PCR","-12.9746"
"000150","20250728","PBR","0.7492"
"000180","20250728","PER","-28.8001"
"000180","20250728","PSR","0.7954"
"000180","20250728","PCR","34.2001"
"000180","20250728","PBR","0.1889"
"000210","20250728","PER","25.2148"
"000210","20250728","PSR","0.195"
"000210","20250728","PCR","2.0343"
"000210","20250728","PBR","0.233"
"000220","20250728","PER","9.8655"
"000220","20250728","PSR","0.5725"
"000220","20250728","PCR","2.9217"
"000220","20250728","PBR","0.5729"
"000230","20250728","PER","1.7272"
"000230","20250728","PSR","0.1584"
"000230","20250728","PCR","3.9478"
"000230","20250728","PBR","0.4951"
"000240","20250728","PER","6.4575"
"000240","20250728","PSR","1.5889"
"000240","20250728","PCR","18.5608"
"000240","20250728","PBR","0.5188"
"000250","20250728","PER","-847.9299"
"000250","20250728","PSR","24.272"
"000250","20250728","PCR","248.6718"
"000250","20250728","PBR","14.689"
"000270","20250728","PER","4.483"
"000270","20250728","PSR","0.384"
"000270","20250728","PCR","3.3909"
"000270","20250728","PBR","0.7807"
"000300","20250728","PER","1.4023"
"000300","20250728","PSR","4.9527"
"000300","20250728","PCR","16.459"
"000300","20250728","PBR","-2.8955"
"000320","20250728","PER","3.7794"
"000320","20250728","PSR","0.2364"
"000320","20250728","PCR","3.9927"
"000320","20250728","PBR","0.3944"
"000370","20250728","PER","2.1327"
"000370","20250728","PCR","0.559"
"000370","20250728","PBR","0.2446"
"000390","20250728","PER","15.4405"
"000390","20250728","PSR","0.2684"
"000390","20250728","PCR","5.7701"
"000390","20250728","PBR","0.5218"
"000400","20250728","PER","341.7579"
"000400","20250728","PCR","3.114"
"000400","20250728","PBR","0.6976"
"000430","20250728","PER","6.5535"
"000430","20250728","PSR","0.153"
"000430","20250728","PCR","3.4323"
"000430","20250728","PBR","0.3287"
"000440","20250728","PER","-137.3527"
"000440","20250728","PSR","1.8669"
"000440","20250728","PCR","-160.2448"
"000440","20250728","PBR","1.7764"
"000480","20250728","PER","-25.3951"
"000480","20250728","PSR","0.3138"
"000480","20250728","PCR","5.6746"
"000480","20250728","PBR","0.3066"
"000490","20250728","PER","-6.9147"
"000490","20250728","PSR","0.1782"
"000490","20250728","PCR","0.8503"
"000490","20250728","PBR","0.4029"
"000500","20250728","PER","33.8192"
"000500","20250728","PSR","0.5441"
"000500","20250728","PCR","-28.8834"
"000500","20250728","PBR","2.669"
"000520","20250728","PER","-17.1699"
"000520","20250728","PSR","1.0253"
"000520","20250728","PCR","-42.9248"
"000520","20250728","PBR","1.2915"
"000540","20250728","PER","1.6138"
"000540","20250728","PCR","0.4721"
"000540","20250728","PBR","0.3461"
"000590","20250728","PER","2.6498"
"000590","20250728","PSR","0.7358"
"000590","20250728","PCR","4.2578"
"000590","20250728","PBR","0.2694"
"000640","20250728","PER","10.9905"
"000640","20250728","PSR","0.5492"
"000640","20250728","PCR","7.1512"
"000640","20250728","PBR","0.7006"
"000020","20250728","DY","0.0269"
"000050","20250728","DY","0.0199"
"000070","20250728","DY","0.0407"
"000080","20250728","DY","0.0347"
"000100","20250728","DY","0.0042"
"000120","20250728","DY","0.009"
"000140","20250728","DY","0.0341"
"000150","20250728","DY","0.0037"
"000210","20250728","DY","0.0192"
"000220","20250728","DY","0.0224"
"000240","20250728","DY","0.0418"
"000250","20250728","DY","0.0009"
"000270","20250728","DY","0.0616"
"000320","20250728","DY","0.0246"
"000390","20250728","DY","0.0571"
"000430","20250728","DY","0.0304"
"000440","20250728","DY","0.0207"
"000480","20250728","DY","0.075"
"000490","20250728","DY","0.0103"
"000590","20250728","DY","0.0058"
"000640","20250728","DY","0.0149"
"000660","20250728","DY","0.0084"
"000670","20250728","DY","0.0001"
"000700","20250728","DY","0.0592"
"000720","20250728","DY","0.0091"
"000810","20250728","DY","0.0436"
"000850","20250728","DY","0.0327"
"000860","20250728","DY","0.0199"
"000880","20250728","DY","0.0086"
"000910","20250728","DY","0.0257"
"000950","20250728","DY","0.0294"
"000970","20250728","DY","0.0553"
"000990","20250728","DY","0.0267"
"001040","20250728","DY","0.0201"
"001060","20250728","DY","0.0201"
"001120","20250728","DY","0.0626"
"001130","20250728","DY","0.0232"
"001200","20250728","DY","0.0289"
"001230","20250728","DY","0.0592"
"001250","20250728","DY","0.0092"
"001270","20250728","DY","0.0281"
"001390","20250728","DY","0.0281"
"001420","20250728","DY","0.0533"
"001430","20250728","DY","0.0367"
"001460","20250728","DY","0.0088"
"001500","20250728","DY","0.0209"
"001510","20250728","DY","0.0015"
"001530","20250728","DY","0.0059"
"001540","20250728","DY","0.0568"
"001560","20250728","DY","0.0326"
"001630","20250728","DY","0.0274"
"001680","20250728","DY","0.037"
"001720","20250728","DY","0.0351"
"001740","20250728","DY","0.0669"
"001750","20250728","DY","0.0548"
"001770","20250728","DY","0.0053"
"001790","20250728","DY","0.0399"
"001800","20250728","DY","0.0364"
"001810","20250728","DY","0.0064"
"001820","20250728","DY","0.019"
"001940","20250728","DY","0.071"
"002020","20250728","DY","0.0111"
"002030","20250728","DY","0.0163"
"002100","20250728","DY","0.0463"
"002140","20250728","DY","0.0105"
"002150","20250728","DY","0.0425"
"002170","20250728","DY","0.0275"
"002200","20250728","DY","0.0273"
"002220","20250728","DY","0.0036"
"002230","20250728","DY","0.0543"
"002240","20250728","DY","0.019"
"002290","20250728","DY","0.055"
"002310","20250728","DY","0.0276"
"002320","20250728","DY","0.0293"
"002350","20250728","DY","0.0211"
"002380","20250728","DY","0.027"
"002390","20250728","DY","0.017"
"002450","20250728","DY","0.0397"
"002460","20250728","DY","0.0468"
"002600","20250728","DY","0.0392"
"002620","20250728","DY","0.0058"
"002700","20250728","DY","0.0069"
"002710","20250728","DY","0.0051"
"002720","20250728","DY","0.0064"
"002760","20250728","DY","0.005"
"002790","20250728","DY","0.0109"
"002800","20250728","DY","0.0105"
"002810","20250728","DY","0.0425"
"002840","20250728","DY","0.0124"
"002900","20250728","DY","0.022"
"002920","20250728","DY","0.0171"
"002960","20250728","DY","0.0615"
"003010","20250728","DY","0.0344"
"003030","20250728","DY","0.0083"
"003070","20250728","DY","0.0419"
"003080","20250728","DY","0.0475"
"003090","20250728","DY","0.0084"
"003100","20250728","DY","0.0234"
"003120","20250728","DY","0.0396"
"003160","20250728","DY","0.0071"
"003200","20250728","DY","0.0193"
"003220","20250728","DY","0.0228"
"003230","20250728","DY","0.0025"
"003240","20250728","DY","0.0017"
"003300","20250728","DY","0.0534"
"003310","20250728","DY","0.023"
"003350","20250728","DY","0.0033"
"003380","20250728","DY","0.0126"
"003460","20250728","DY","0.0571"
"003470","20250728","DY","0.0547"
"003480","20250728","DY","0.0232"
"003490","20250728","DY","0.0312"
"003540","20250728","DY","0.047"
"003550","20250728","DY","0.0394"
"003570","20250728","DY","0.0254"
"003610","20250728","DY","0.0137"
"003650","20250728","DY","0.0265"
"003690","20250728","DY","0.0491"
"003720","20250728","DY","0.0048"
"003780","20250728","DY","0.0498"
"003800","20250728","DY","0.0492"
"003830","20250728","DY","0.0056"
"003850","20250728","DY","0.0117"
"003920","20250728","DY","0.0016"
"003960","20250728","DY","0.0073"
"004000","20250728","DY","0.0335"
"004020","20250728","DY","0.0203"
"004080","20250728","DY","0.0205"
"004090","20250728","DY","0.0087"
"004100","20250728","DY","0.0043"
"004140","20250728","DY","0.0065"
"004150","20250728","DY","0.0373"
"004170","20250728","DY","0.0263"
"004250","20250728","DY","0.0236"
"004310","20250728","DY","0.0075"
"004360","20250728","DY","0.0212"
"004370","20250728","DY","0.0131"
"004380","20250728","DY","0.01"
"004430","20250728","DY","0.027"
"004450","20250728","DY","0.0323"
"004490","20250728","DY","0.0153"
"004560","20250728","DY","0.0078"
"004590","20250728","DY","0.0369"
"004650","20250728","DY","0.0576"
"004690","20250728","DY","0.0212"
"004710","20250728","DY","0.0256"
"004770","20250728","DY","0.0164"
"004780","20250728","DY","0.0312"
"004800","20250728","DY","0.0378"
"004830","20250728","DY","0.0168"
"004840","20250728","DY","0.0188"
"004890","20250728","DY","0.0279"
"004910","20250728","DY","0.0337"
"004960","20250728","DY","0.0126"
"004970","20250728","DY","0.0513"
"004980","20250728","DY","0.0372"
"004990","20250728","DY","0.0424"
"005010","20250728","DY","0.0318"
"005090","20250728","DY","0.0683"
"005160","20250728","DY","0.0321"
"005180","20250728","DY","0.0407"
"005250","20250728","DY","0.0308"
"005290","20250728","DY","0.0061"
"005300","20250728","DY","0.0259"
"005360","20250728","DY","0.0146"
"005380","20250728","DY","0.0549"
"005430","20250728","DY","0.0161"
"005440","20250728","DY","0.0246"
"005490","20250728","DY","0.031"
"005500","20250728","DY","0.04"
"005610","20250728","DY","0.0323"
"005670","20250728","DY","0.0223"
"005680","20250728","DY","0.0275"
"005690","20250728","DY","0.0016"
"005710","20250728","DY","0.0177"
"005720","20250728","DY","0.0209"
"005740","20250728","DY","0.0169"
"005750","20250728","DY","0.0345"
"005800","20250728","DY","0.0113"
"005810","20250728","DY","0.0284"
"005820","20250728","DY","0.0251"
"005830","20250728","DY","0.053"
"005850","20250728","DY","0.0347"
"005860","20250728","DY","0.0129"
"005930","20250728","DY","0.0205"
"005940","20250728","DY","0.0473"
"005960","20250728","DY","0.0376"
"005990","20250728","DY","0.0243"
"006040","20250728","DY","0.0247"
"006050","20250728","DY","0.0078"
"006060","20250728","DY","0.0443"
"006090","20250728","DY","0.015"
"006110","20250728","DY","0.0009"
"006120","20250728","DY","0.031"
"006140","20250728","DY","0.0298"
"006200","20250728","DY","0.0272"
"006220","20250728","DY","0.0066"
"006260","20250728","DY","0.0096"
"006280","20250728","DY","0.0103"
"006360","20250728","DY","0.0153"
"006390","20250728","DY","0.0496"
"006400","20250728","DY","0.0051"
"006620","20250728","DY","0.0235"
"006650","20250728","DY","0.0099"
"006660","20250728","DY","0.0057"
"006730","20250728","DY","0.0115"
"006800","20250728","DY","0.013"
"006840","20250728","DY","0.0342"
"006880","20250728","DY","0.0145"
"006890","20250728","DY","0.0169"
"006980","20250728","DY","0.0182"
"007070","20250728","DY","0.0304"
"007210","20250728","DY","0.0169"
"007310","20250728","DY","0.0228"
"007330","20250728","DY","0.0676"
"007340","20250728","DY","0.0327"
"007370","20250728","DY","0.024"
"007530","20250728","DY","0.011"
"007540","20250728","DY","0.0042"
"007570","20250728","DY","0.0114"
"007590","20250728","DY","0.0475"
"007660","20250728","DY","0.0025"
"007680","20250728","DY","0.0256"
"007690","20250728","DY","0.0153"
"007700","20250728","DY","0.0234"
"007770","20250728","DY","0.0052"
"007860","20250728","DY","0.0194"
"007980","20250728","DY","0.0346"
"008040","20250728","DY","0.018"
"008060","20250728","DY","0.0623"
"008250","20250728","DY","0.0187"
"008260","20250728","DY","0.0269"
"008370","20250728","DY","0.0546"
"008420","20250728","DY","0.0207"
"008470","20250728","DY","0.0126"
"008490","20250728","DY","0.0103"
"008730","20250728","DY","0.0071"
"008830","20250728","DY","0.0024"
"008870","20250728","DY","0.0258"
"008930","20250728","DY","0.0065"
"009070","20250728","DY","0.0131"
"009140","20250728","DY","0.0167"
"009150","20250728","DY","0.013"
"009160","20250728","DY","0.0394"
"009180","20250728","DY","0.0493"
"009200","20250728","DY","0.0464"
"009240","20250728","DY","0.1883"
"009270","20250728","DY","0.0447"
"009290","20250728","DY","0.0167"
"009300","20250728","DY","0.0442"
"009450","20250728","DY","0.0077"
"009470","20250728","DY","0.0184"
"009520","20250728","DY","0.0014"
"009540","20250728","DY","0.0144"
"009580","20250728","DY","0.0368"
"009680","20250728","DY","0.0576"
"009770","20250728","DY","0.034"
"009780","20250728","DY","0.014"
"009830","20250728","DY","0.0079"
"009900","20250728","DY","0.0176"
"009970","20250728","DY","0.0396"
"010040","20250728","DY","0.0428"
"010060","20250728","DY","0.0223"
"010100","20250728","DY","0.0227"
"010120","20250728","DY","0.0099"
"010130","20250728","DY","0.0215"
"010240","20250728","DY","0.042"
"010420","20250728","DY","0.0133"
"010470","20250728","DY","0.0448"
"010620","20250728","DY","0.0035"
"010640","20250728","DY","0.0627"
"010660","20250728","DY","0.0073"
"010690","20250728","DY","0.0169"
"010770","20250728","DY","0.0294"
"010780","20250728","DY","0.0496"
"010950","20250728","DY","0.002"
"010960","20250728","DY","0.0444"
"011040","20250728","DY","0.0498"
"011070","20250728","DY","0.0135"
"011170","20250728","DY","0.0301"
"011200","20250728","DY","0.0251"
"011210","20250728","DY","0.0218"
"011320","20250728","DY","0.0115"
"011370","20250728","DY","0.0335"
"011390","20250728","DY","0.0029"
"011500","20250728","DY","0.004"
"011560","20250728","DY","0.0444"
"011700","20250728","DY","0.0041"
"011760","20250728","DY","0.0275"
"011780","20250728","DY","0.018"
"012280","20250728","DY","0.0363"
"012320","20250728","DY","0.012"
"012330","20250728","DY","0.02"
"012450","20250728","DY","0.0037"
"012510","20250728","DY","0.0063"
"012610","20250728","DY","0.0149"
"012620","20250728","DY","0.0316"
"012630","20250728","DY","0.0156"
"012700","20250728","DY","0.0215"
"012750","20250728","DY","0.0373"
"012790","20250728","DY","0.0287"
"013000","20250728","DY","0.0268"
"013030","20250728","DY","0.0397"
"013120","20250728","DY","0.0266"
"013310","20250728","DY","0.0347"
"013520","20250728","DY","0.0397"
"013570","20250728","DY","0.0268"
"013580","20250728","DY","0.021"
"013700","20250728","DY","0.0183"
"013870","20250728","DY","0.062"
"013890","20250728","DY","0.0043"
"014130","20250728","DY","0.0288"
"014280","20250728","DY","0.0256"
"014440","20250728","DY","0.0794"
"014530","20250728","DY","0.0572"
"014570","20250728","DY","0.0342"
"014580","20250728","DY","0.0291"
"014620","20250728","DY","0.0065"
"014680","20250728","DY","0.0114"
"014820","20250728","DY","0.0193"
"014830","20250728","DY","0.0214"
"014940","20250728","DY","0.0175"
"014970","20250728","DY","0.0086"
"015230","20250728","DY","0.0264"
"015360","20250728","DY","0.0678"
"015710","20250728","DY","0.017"
"015750","20250728","DY","0.0245"
"015760","20250728","DY","0.0054"
"015860","20250728","DY","0.0267"
"015890","20250728","DY","0.0472"
"016090","20250728","DY","0.047"
"016250","20250728","DY","0.0325"
"016360","20250728","DY","0.0499"
"016380","20250728","DY","0.0405"
"016450","20250728","DY","0.0592"
"016580","20250728","DY","0.0249"
"016590","20250728","DY","0.0197"
"016610","20250728","DY","0.0459"
"016710","20250728","DY","0.0265"
"016740","20250728","DY","0.034"
"016800","20250728","DY","0.0255"
"016920","20250728","DY","0.0081"
"017370","20250728","DY","0.0064"
"017390","20250728","DY","0.0392"
"017480","20250728","DY","0.0647"
"017510","20250728","DY","0.0109"
"017550","20250728","DY","0.0054"
"017650","20250728","DY","0.014"
"017670","20250728","DY","0.0641"
"017800","20250728","DY","0.0679"
"017810","20250728","DY","0.0076"
"017890","20250728","DY","0.0114"
"017900","20250728","DY","0.026"
"017940","20250728","DY","0.0416"
"017960","20250728","DY","0.0047"
"018120","20250728","DY","0.0564"
"018250","20250728","DY","0.0353"
"018260","20250728","DY","0.0184"
"018310","20250728","DY","0.0099"
"018500","20250728","DY","0.0343"
"018670","20250728","DY","0.0306"
"019010","20250728","DY","0.0216"
"019180","20250728","DY","0.0208"
"019210","20250728","DY","0.0281"
"019440","20250728","DY","0.0676"
"019540","20250728","DY","0.0228"
"019770","20250728","DY","0.0167"
"020000","20250728","DY","0.0464"
"020180","20250728","DY","0.0285"
"020400","20250728","DY","0.0102"
"020710","20250728","DY","0.0307"
"021080","20250728","DY","0.0286"
"021240","20250728","DY","0.0233"
"021320","20250728","DY","0.0314"
"021650","20250728","DY","0.0341"
"021820","20250728","DY","0.0141"
"022100","20250728","DY","0.0049"
"023000","20250728","DY","0.043"
"023150","20250728","DY","0.0455"
"023160","20250728","DY","0.0124"
"023350","20250728","DY","0.0195"
"023410","20250728","DY","0.0498"
"023450","20250728","DY","0.0279"
"023530","20250728","DY","0.0536"
"023590","20250728","DY","0.0411"
"023600","20250728","DY","0.0257"
"023760","20250728","DY","0.0398"
"023800","20250728","DY","0.0254"
"023810","20250728","DY","0.0296"
"023900","20250728","DY","0.0171"
"023910","20250728","DY","0.0286"
"024060","20250728","DY","0.0024"
"024070","20250728","DY","0.0251"
"024090","20250728","DY","0.0601"
"024110","20250728","DY","0.0561"
"024120","20250728","DY","0.0547"
"024720","20250728","DY","0.014"
"024830","20250728","DY","0.0152"
"024880","20250728","DY","0.0312"
"024900","20250728","DY","0.0199"
"024910","20250728","DY","0.0118"
"024940","20250728","DY","0.0068"
"025000","20250728","DY","0.0634"
"025530","20250728","DY","0.0606"
"025540","20250728","DY","0.0333"
"025820","20250728","DY","0.0095"
"025860","20250728","DY","0.0112"
"025880","20250728","DY","0.0367"
"025950","20250728","DY","0.0123"
"026890","20250728","DY","0.0252"
"026940","20250728","DY","0.0315"
"026960","20250728","DY","0.0296"
"027360","20250728","DY","0.022"
"027410","20250728","DY","0.0326"
"027710","20250728","DY","0.0201"
"028050","20250728","DY","0.0262"
"028100","20250728","DY","0.0307"
"028260","20250728","DY","0.0155"
"028670","20250728","DY","0.0285"
"029460","20250728","DY","0.0142"
"029530","20250728","DY","0.0305"
"029780","20250728","DY","0.0573"
"030000","20250728","DY","0.0613"
"030190","20250728","DY","0.0287"
"030200","20250728","DY","0.0362"
"030210","20250728","DY","0.0448"
"030520","20250728","DY","0.0152"
"030610","20250728","DY","0.0584"
"030960","20250728","DY","0.006"
"031210","20250728","DY","0.0712"
"031330","20250728","DY","0.0669"
"031430","20250728","DY","0.0339"
"031440","20250728","DY","0.0238"
"031510","20250728","DY","0.0289"
"031980","20250728","DY","0.0205"
"032190","20250728","DY","0.0277"
"032300","20250728","DY","0.0034"
"032540","20250728","DY","0.0525"
"032560","20250728","DY","0.0243"
"032620","20250728","DY","0.0079"
"032640","20250728","DY","0.0455"
"032750","20250728","DY","0.0174"
"032830","20250728","DY","0.0361"
"032850","20250728","DY","0.0124"
"032960","20250728","DY","0.0039"
"033100","20250728","DY","0.026"
"033130","20250728","DY","0.0189"
"033160","20250728","DY","0.0122"
"033270","20250728","DY","0.0214"
"033500","20250728","DY","0.0142"
"033530","20250728","DY","0.0334"
"033780","20250728","DY","0.041"
"033830","20250728","DY","0.0158"
"033920","20250728","DY","0.0671"
"034230","20250728","DY","0.0081"
"034310","20250728","DY","0.0371"
"034590","20250728","DY","0.0476"
"034730","20250728","DY","0.0345"
"034810","20250728","DY","0.0292"
"034830","20250728","DY","0.057"
"034950","20250728","DY","0.0398"
"035000","20250728","DY","0.0704"
"035080","20250728","DY","0.0137"
"035150","20250728","DY","0.0232"
"035200","20250728","DY","0.0218"
"035250","20250728","DY","0.0608"
"035420","20250728","DY","0.0048"
"035510","20250728","DY","0.0265"
"035600","20250728","DY","0.0452"
"035720","20250728","DY","0.0012"
"035810","20250728","DY","0.0693"
"035890","20250728","DY","0.0251"
"035900","20250728","DY","0.0077"
"036120","20250728","DY","0.026"
"036190","20250728","DY","0.0424"
"036200","20250728","DY","0.0113"
"036220","20250728","DY","0.0267"
"036460","20250728","DY","0.0326"
"036480","20250728","DY","0.0091"
"036530","20250728","DY","0.0288"
"036560","20250728","DY","0.059"
"036570","20250728","DY","0.0075"
"036580","20250728","DY","0.0177"
"036640","20250728","DY","0.0755"
"036670","20250728","DY","0.035"
"036710","20250728","DY","0.0063"
"036800","20250728","DY","0.0338"
"036830","20250728","DY","0.0051"
"036890","20250728","DY","0.0169"
"036930","20250728","DY","0.0096"
"037070","20250728","DY","0.0128"
"037230","20250728","DY","0.019"
"037330","20250728","DY","0.0184"
"037350","20250728","DY","0.0433"
"037440","20250728","DY","0.0326"
"037460","20250728","DY","0.0389"
"037710","20250728","DY","0.0689"
"037760","20250728","DY","0.0294"
"038010","20250728","DY","0.0189"
"038070","20250728","DY","0.0133"
"038110","20250728","DY","0.0164"
"038290","20250728","DY","0.0195"
"038390","20250728","DY","0.2026"
"038500","20250728","DY","0.0342"
"038680","20250728","DY","0.0121"
"038950","20250728","DY","0.0135"
"039010","20250728","DY","0.056"
"039020","20250728","DY","0.0104"
"039030","20250728","DY","0.0023"
"039130","20250728","DY","0.0427"
"039240","20250728","DY","0.0395"
"039290","20250728","DY","0.0016"
"039340","20250728","DY","0.025"
"039420","20250728","DY","0.0337"
"039440","20250728","DY","0.01"
"039490","20250728","DY","0.0356"
"039570","20250728","DY","0.0464"
"039830","20250728","DY","0.0104"
"040420","20250728","DY","0.0844"
"041440","20250728","DY","0.0088"
"041460","20250728","DY","0.0164"
"041510","20250728","DY","0.0033"
"041520","20250728","DY","0.0391"
"041650","20250728","DY","0.0338"
"041830","20250728","DY","0.017"
"041930","20250728","DY","0.0242"
"042110","20250728","DY","0.025"
"042370","20250728","DY","0.0059"
"042420","20250728","DY","0.0125"
"042500","20250728","DY","0.0547"
"042670","20250728","DY","0.0046"
"042700","20250728","DY","0.0085"
"043150","20250728","DY","0.0043"
"043370","20250728","DY","0.031"
"043650","20250728","DY","0.0149"
"044340","20250728","DY","0.0448"
"044450","20250728","DY","0.0386"
"044820","20250728","DY","0.0236"
"044960","20250728","DY","0.0137"
"044990","20250728","DY","0.0164"
"045060","20250728","DY","0.0192"
"045100","20250728","DY","0.0347"
"045660","20250728","DY","0.022"
"046310","20250728","DY","0.0342"
"046440","20250728","DY","0.0408"
"047050","20250728","DY","0.0296"
"047810","20250728","DY","0.0051"
"048430","20250728","DY","0.0361"
"048470","20250728","DY","0.0068"
"048530","20250728","DY","0.0239"
"048770","20250728","DY","0.0049"
"048830","20250728","DY","0.0277"
"049070","20250728","DY","0.0123"
"049430","20250728","DY","0.0266"
"049480","20250728","DY","0.0098"
"049520","20250728","DY","0.0752"
"049720","20250728","DY","0.0431"
"049770","20250728","DY","0.0179"
"049800","20250728","DY","0.0249"
"049830","20250728","DY","0.0139"
"049960","20250728","DY","0.0328"
"050760","20250728","DY","0.0167"
"050860","20250728","DY","0.0235"
"050890","20250728","DY","0.0077"
"050960","20250728","DY","0.0179"
"051360","20250728","DY","0.0187"
"051380","20250728","DY","0.0226"
"051390","20250728","DY","0.0522"
"051490","20250728","DY","0.0223"
"051500","20250728","DY","0.0158"
"051600","20250728","DY","0.0476"
"051900","20250728","DY","0.0107"
"051910","20250728","DY","0.0032"
"052260","20250728","DY","0.0144"
"052330","20250728","DY","0.0259"
"052400","20250728","DY","0.012"
"052600","20250728","DY","0.0403"
"052690","20250728","DY","0.0111"
"053050","20250728","DY","0.014"
"053080","20250728","DY","0.0242"
"053160","20250728","DY","0.0059"
"053210","20250728","DY","0.0712"
"053260","20250728","DY","0.0339"
"053270","20250728","DY","0.0246"
"053280","20250728","DY","0.0476"
"053300","20250728","DY","0.0204"
"053450","20250728","DY","0.0084"
"053580","20250728","DY","0.0067"
"053610","20250728","DY","0.0145"
"053620","20250728","DY","0.0297"
"053690","20250728","DY","0.0208"
"053700","20250728","DY","0.0114"
"053800","20250728","DY","0.0195"
"053980","20250728","DY","0.0845"
"054040","20250728","DY","0.0564"
"054050","20250728","DY","0.026"
"054210","20250728","DY","0.0108"
"054450","20250728","DY","0.0043"
"054540","20250728","DY","0.0288"
"054670","20250728","DY","0.0136"
"054800","20250728","DY","0.0213"
"054930","20250728","DY","0.0396"
"054950","20250728","DY","0.0193"
"055490","20250728","DY","0.0132"
"055550","20250728","DY","0.0321"
"056190","20250728","DY","0.011"
"056360","20250728","DY","0.0056"
"057030","20250728","DY","0.0285"
"057050","20250728","DY","0.0502"
"058400","20250728","DY","0.0265"
"058430","20250728","DY","0.0497"
"058470","20250728","DY","0.0127"
"058610","20250728","DY","0.0059"
"058630","20250728","DY","0.0244"
"058650","20250728","DY","0.0315"
"058850","20250728","DY","0.0375"
"058860","20250728","DY","0.0432"
"059210","20250728","DY","0.0051"
"060250","20250728","DY","0.0059"
"060370","20250728","DY","0.006"
"060380","20250728","DY","0.035"
"060560","20250728","DY","0.0382"
"060720","20250728","DY","0.0269"
"060850","20250728","DY","0.0129"
"060980","20250728","DY","0.0508"
"062040","20250728","DY","0.0037"
"063160","20250728","DY","0.0043"
"063570","20250728","DY","0.0271"
"063760","20250728","DY","0.0239"
"064350","20250728","DY","0.001"
"064400","20250728","DY","0.0237"
"064480","20250728","DY","0.0187"
"064760","20250728","DY","0.0149"
"064820","20250728","DY","0.0443"
"064850","20250728","DY","0.0272"
"064960","20250728","DY","0.0278"
"065350","20250728","DY","0.0018"
"065370","20250728","DY","0.0206"
"065450","20250728","DY","0.0073"
"065510","20250728","DY","0.0219"
"065530","20250728","DY","0.0381"
"065680","20250728","DY","0.0072"
"065710","20250728","DY","0.0643"
"066130","20250728","DY","0.0287"
"066310","20250728","DY","0.0128"
"066570","20250728","DY","0.0129"
"066620","20250728","DY","0.0228"
"067010","20250728","DY","0.0363"
"067080","20250728","DY","0.0098"
"067160","20250728","DY","0.0166"
"067280","20250728","DY","0.0619"
"067310","20250728","DY","0.0062"
"067570","20250728","DY","0.0632"
"067730","20250728","DY","0.0373"
"067830","20250728","DY","0.0113"
"067900","20250728","DY","0.0102"
"067920","20250728","DY","0.0322"
"067990","20250728","DY","0.0792"
"068270","20250728","DY","0.0042"
"068290","20250728","DY","0.0113"
"068330","20250728","DY","0.0038"
"068790","20250728","DY","0.0158"
"068930","20250728","DY","0.0608"
"069080","20250728","DY","0.0207"
"069260","20250728","DY","0.057"
"069510","20250728","DY","0.0501"
"069620","20250728","DY","0.0038"
"069730","20250728","DY","0.0272"
"069960","20250728","DY","0.0195"
"071050","20250728","DY","0.0282"
"071090","20250728","DY","0.0017"
"071280","20250728","DY","0.004"
"071320","20250728","DY","0.0448"
"071840","20250728","DY","0.0335"
"072020","20250728","DY","0.0171"
"072130","20250728","DY","0.013"
"072470","20250728","DY","0.0167"
"072710","20250728","DY","0.0306"
"072870","20250728","DY","0.072"
"072950","20250728","DY","0.0138"
"072990","20250728","DY","0.0094"
"073010","20250728","DY","0.0034"
"073110","20250728","DY","0.031"
"073490","20250728","DY","0.006"
"073560","20250728","DY","0.0469"
"074600","20250728","DY","0.0051"
"075130","20250728","DY","0.0343"
"075180","20250728","DY","0.0394"
"075580","20250728","DY","0.0157"
"075970","20250728","DY","0.0331"
"077500","20250728","DY","0.0173"
"078000","20250728","DY","0.0424"
"078020","20250728","DY","0.0201"
"078070","20250728","DY","0.0131"
"078140","20250728","DY","0.0036"
"078150","20250728","DY","0.011"
"078340","20250728","DY","0.0341"
"078520","20250728","DY","0.0416"
"078600","20250728","DY","0.0013"
"078930","20250728","DY","0.0541"
"079000","20250728","DY","0.039"
"079170","20250728","DY","0.0305"
"079370","20250728","DY","0.0081"
"079430","20250728","DY","0.0165"
"079550","20250728","DY","0.004"
"079900","20250728","DY","0.0262"
"079940","20250728","DY","0.0033"
"079960","20250728","DY","0.0229"
"080010","20250728","DY","0.0221"
"080160","20250728","DY","0.0224"
"080470","20250728","DY","0.0117"
"080520","20250728","DY","0.0306"
"081000","20250728","DY","0.0229"
"081150","20250728","DY","0.0077"
"081660","20250728","DY","0.0334"
"082920","20250728","DY","0.015"
"083420","20250728","DY","0.0308"
"083450","20250728","DY","0.0157"
"083500","20250728","DY","0.0146"
"083550","20250728","DY","0.0066"
"083930","20250728","DY","0.0379"
"084010","20250728","DY","0.0303"
"084110","20250728","DY","0.0123"
"084370","20250728","DY","0.0053"
"084690","20250728","DY","0.0267"
"084870","20250728","DY","0.0287"
"085310","20250728","DY","0.0123"
"085910","20250728","DY","0.0603"
"086280","20250728","DY","0.0249"
"086450","20250728","DY","0.0111"
"086520","20250728","DY","0.0019"
"086670","20250728","DY","0.0244"
"086710","20250728","DY","0.0052"
"086790","20250728","DY","0.0427"
"086900","20250728","DY","0.0074"
"086980","20250728","DY","0.0554"
"088130","20250728","DY","0.0481"
"088340","20250728","DY","0.0052"
"088790","20250728","DY","0.0153"
"089010","20250728","DY","0.0092"
"089030","20250728","DY","0.0047"
"089150","20250728","DY","0.0164"
"089470","20250728","DY","0.0353"
"089600","20250728","DY","0.0447"
"089860","20250728","DY","0.038"
"089980","20250728","DY","0.0114"
"090350","20250728","DY","0.0397"
"090410","20250728","DY","0.0136"
"090430","20250728","DY","0.0086"
"090460","20250728","DY","0.0168"
"090470","20250728","DY","0.0133"
"090850","20250728","DY","0.0265"
"091580","20250728","DY","0.0119"
"091590","20250728","DY","0.0238"
"091700","20250728","DY","0.0463"
"092070","20250728","DY","0.0074"
"092130","20250728","DY","0.0974"
"092230","20250728","DY","0.0635"
"092300","20250728","DY","0.0184"
"092440","20250728","DY","0.0459"
"092460","20250728","DY","0.0273"
"092730","20250728","DY","0.0338"
"092780","20250728","DY","0.0184"
"092790","20250728","DY","0.0155"
"092870","20250728","DY","0.0096"
"093050","20250728","DY","0.0374"
"093190","20250728","DY","0.0317"
"093320","20250728","DY","0.0069"
"093380","20250728","DY","0.0294"
"093520","20250728","DY","0.0098"
"093920","20250728","DY","0.0619"
"094170","20250728","DY","0.004"
"094280","20250728","DY","0.0571"
"094360","20250728","DY","0.0056"
"094480","20250728","DY","0.0044"
"094820","20250728","DY","0.0325"
"094940","20250728","DY","0.0041"
"094970","20250728","DY","0.0115"
"095340","20250728","DY","0.0132"
"095500","20250728","DY","0.0047"
"095570","20250728","DY","0.0641"
"095610","20250728","DY","0.023"
"095720","20250728","DY","0.0443"
"096240","20250728","DY","0.1096"
"096250","20250728","DY","0.0049"
"096530","20250728","DY","0.0265"
"096760","20250728","DY","0.032"
"096770","20250728","DY","0.0176"
"097520","20250728","DY","0.0274"
"097950","20250728","DY","0.0242"
"098070","20250728","DY","0.0116"
"098120","20250728","DY","0.0037"
"098460","20250728","DY","0.0092"
"098660","20250728","DY","0.0182"
"099190","20250728","DY","0.0055"
"099320","20250728","DY","0.0041"
"099390","20250728","DY","0.0096"
"099430","20250728","DY","0.0067"
"100120","20250728","DY","0.0291"
"100250","20250728","DY","0.0615"
"100660","20250728","DY","0.0029"
"100700","20250728","DY","0.0225"
"100790","20250728","DY","0.013"
"100840","20250728","DY","0.0097"
"101160","20250728","DY","0.0024"
"101170","20250728","DY","0.0058"
"101490","20250728","DY","0.0029"
"101530","20250728","DY","0.0343"
"101930","20250728","DY","0.0182"
"102120","20250728","DY","0.0129"
"102260","20250728","DY","0.0118"
"102710","20250728","DY","0.0036"
"103140","20250728","DY","0.016"
"103590","20250728","DY","0.0073"
"104700","20250728","DY","0.0863"
"104830","20250728","DY","0.0152"
"105560","20250728","DY","0.0287"
"105630","20250728","DY","0.0471"
"105740","20250728","DY","0.0311"
"105840","20250728","DY","0.0229"
"106190","20250728","DY","0.008"
"107590","20250728","DY","0.0094"
"108230","20250728","DY","0.0313"
"108320","20250728","DY","0.0427"
"108380","20250728","DY","0.0039"
"108670","20250728","DY","0.0324"
"109080","20250728","DY","0.0105"
"109860","20250728","DY","0.0389"
"110790","20250728","DY","0.0417"
"110990","20250728","DY","0.0283"
"111110","20250728","DY","0.049"
"111380","20250728","DY","0.0415"
"111710","20250728","DY","0.0419"
"111770","20250728","DY","0.0237"
"112610","20250728","DY","0.021"
"113810","20250728","DY","0.0208"
"114090","20250728","DY","0.0179"
"114840","20250728","DY","0.0074"
"115310","20250728","DY","0.0209"
"115440","20250728","DY","0.0162"
"115500","20250728","DY","0.0198"
"117580","20250728","DY","0.0298"
"118990","20250728","DY","0.0176"
"119500","20250728","DY","0.0194"
"119610","20250728","DY","0.0149"
"119850","20250728","DY","0.0031"
"120030","20250728","DY","0.0049"
"120110","20250728","DY","0.0306"
"120240","20250728","DY","0.0305"
"121440","20250728","DY","0.0453"
"121600","20250728","DY","0.0046"
"122310","20250728","DY","0.0316"
"122450","20250728","DY","0.0445"
"122870","20250728","DY","0.0031"
"122900","20250728","DY","0.0725"
"122990","20250728","DY","0.0776"
"123410","20250728","DY","0.0299"
"123570","20250728","DY","0.0254"
"123700","20250728","DY","0.0494"
"123890","20250728","DY","0.0402"
"124560","20250728","DY","0.0318"
"126560","20250728","DY","0.0335"
"126600","20250728","DY","0.0165"
"126640","20250728","DY","0.0389"
"126700","20250728","DY","0.0264"
"126720","20250728","DY","0.0348"
"126880","20250728","DY","0.0114"
"127980","20250728","DY","0.0597"
"128660","20250728","DY","0.0478"
"128940","20250728","DY","0.0045"
"129260","20250728","DY","0.0342"
"129890","20250728","DY","0.0222"
"130580","20250728","DY","0.0368"
"130660","20250728","DY","0.0292"
"131090","20250728","DY","0.0298"
"131180","20250728","DY","0.0393"
"131220","20250728","DY","0.0121"
"131290","20250728","DY","0.01"
"131370","20250728","DY","0.0033"
"131970","20250728","DY","0.0045"
"133750","20250728","DY","0.0293"
"134060","20250728","DY","0.0552"
"134380","20250728","DY","0.0472"
"134790","20250728","DY","0.0172"
"136410","20250728","DY","0.0081"
"136490","20250728","DY","0.0073"
"136540","20250728","DY","0.0633"
"137310","20250728","DY","0.0199"
"137400","20250728","DY","0.0029"
"137950","20250728","DY","0.0379"
"138040","20250728","DY","0.0117"
"138070","20250728","DY","0.0211"
"138490","20250728","DY","0.0303"
"138930","20250728","DY","0.045"
"139130","20250728","DY","0.0373"
"139480","20250728","DY","0.0225"
"140520","20250728","DY","0.0649"
"140860","20250728","DY","0.0019"
"141000","20250728","DY","0.0114"
"142210","20250728","DY","0.023"
"143160","20250728","DY","0.0181"
"143240","20250728","DY","0.035"
"144960","20250728","DY","0.0093"
"145720","20250728","DY","0.0091"
"145990","20250728","DY","0.0332"
"147830","20250728","DY","0.0328"
"148150","20250728","DY","0.0146"
"148250","20250728","DY","0.0042"
"149950","20250728","DY","0.0246"
"150900","20250728","DY","0.0207"
"151860","20250728","DY","0.0189"
"155650","20250728","DY","0.0208"
"155660","20250728","DY","0.0179"
"158430","20250728","DY","0.0057"
"159580","20250728","DY","0.0107"
"160980","20250728","DY","0.0286"
"161000","20250728","DY","0.0231"
"161390","20250728","DY","0.0434"
"161890","20250728","DY","0.0078"
"162300","20250728","DY","0.0088"
"163560","20250728","DY","0.021"
"163730","20250728","DY","0.0077"
"166090","20250728","DY","0.0098"
"169330","20250728","DY","0.0368"
"170030","20250728","DY","0.0311"
"170790","20250728","DY","0.0374"
"170900","20250728","DY","0.0148"
"170920","20250728","DY","0.0085"
"171120","20250728","DY","0.0444"
"173130","20250728","DY","0.016"
"175330","20250728","DY","0.0441"
"177830","20250728","DY","0.026"
"178920","20250728","DY","0.0175"
"179290","20250728","DY","0.0125"
"180640","20250728","DY","0.0032"
"181710","20250728","DY","0.017"
"183190","20250728","DY","0.0211"
"183300","20250728","DY","0.0141"
"185750","20250728","DY","0.0131"
"187270","20250728","DY","0.0138"
"187870","20250728","DY","0.0181"
"189300","20250728","DY","0.002"
"189690","20250728","DY","0.0221"
"189980","20250728","DY","0.038"
"190510","20250728","DY","0.0463"
"190650","20250728","DY","0.0704"
"192080","20250728","DY","0.0215"
"192250","20250728","DY","0.017"
"192390","20250728","DY","0.0105"
"192400","20250728","DY","0.0402"
"192440","20250728","DY","0.0172"
"192650","20250728","DY","0.0332"
"192820","20250728","DY","0.0099"
"194370","20250728","DY","0.0439"
"194700","20250728","DY","0.0109"
"195870","20250728","DY","0.0329"
"195940","20250728","DY","0.0083"
"199730","20250728","DY","0.0727"
"199820","20250728","DY","0.0081"
"200130","20250728","DY","0.021"
"200670","20250728","DY","0.0092"
"200780","20250728","DY","0.0223"
"200880","20250728","DY","0.0199"
"203450","20250728","DY","0.0216"
"204020","20250728","DY","0.0325"
"204320","20250728","DY","0.0196"
"204610","20250728","DY","0.0287"
"206640","20250728","DY","0.0107"
"208140","20250728","DY","0.0926"
"210540","20250728","DY","0.026"
"210980","20250728","DY","0.0616"
"211050","20250728","DY","0.0086"
"212560","20250728","DY","0.0347"
"213500","20250728","DY","0.0579"
"214150","20250728","DY","0.0045"
"214180","20250728","DY","0.0314"
"214320","20250728","DY","0.0601"
"214370","20250728","DY","0.0111"
"214390","20250728","DY","0.0097"
"214420","20250728","DY","0.0113"
"214430","20250728","DY","0.0035"
"214450","20250728","DY","0.002"
"215000","20250728","DY","0.0607"
"215200","20250728","DY","0.0309"
"215360","20250728","DY","0.0202"
"216050","20250728","DY","0.0305"
"217190","20250728","DY","0.0104"
"217500","20250728","DY","0.0175"
"218410","20250728","DY","0.0034"
"221980","20250728","DY","0.0433"
"222800","20250728","DY","0.0043"
"224110","20250728","DY","0.0258"
"225190","20250728","DY","0.0351"
"225530","20250728","DY","0.042"
"226320","20250728","DY","0.019"
"227840","20250728","DY","0.0397"
"228850","20250728","DY","0.015"
"229640","20250728","DY","0.0052"
"230360","20250728","DY","0.0499"
"232680","20250728","DY","0.0068"
"234080","20250728","DY","0.0404"
"234300","20250728","DY","0.0156"
"234340","20250728","DY","0.0179"
"234690","20250728","DY","0.0127"
"237690","20250728","DY","0.0056"
"237750","20250728","DY","0.022"
"237880","20250728","DY","0.0265"
"240810","20250728","DY","0.0016"
"241520","20250728","DY","0.0059"
"241560","20250728","DY","0.0299"
"241590","20250728","DY","0.0059"
"241710","20250728","DY","0.0015"
"241770","20250728","DY","0.012"
"241790","20250728","DY","0.0206"
"243070","20250728","DY","0.022"
"243840","20250728","DY","0.0164"
"244920","20250728","DY","0.0336"
"246690","20250728","DY","0.007"
"248170","20250728","DY","0.0075"
"250000","20250728","DY","0.026"
"251270","20250728","DY","0.0071"
"251630","20250728","DY","0.0202"
"251970","20250728","DY","0.0069"
"252500","20250728","DY","0.0588"
"253590","20250728","DY","0.0068"
"256150","20250728","DY","0.041"
"259630","20250728","DY","0.0114"
"260660","20250728","DY","0.0169"
"260930","20250728","DY","0.0173"
"260970","20250728","DY","0.0079"
"262260","20250728","DY","0.015"
"262840","20250728","DY","0.0188"
"263020","20250728","DY","0.0173"
"263690","20250728","DY","0.0289"
"263770","20250728","DY","0.0221"
"263860","20250728","DY","0.0109"
"264450","20250728","DY","0.0213"
"264660","20250728","DY","0.008"
"264850","20250728","DY","0.011"
"264900","20250728","DY","0.0305"
"265520","20250728","DY","0.0287"
"265560","20250728","DY","0.0125"
"267250","20250728","DY","0.0253"
"267260","20250728","DY","0.0109"
"267270","20250728","DY","0.0054"
"267290","20250728","DY","0.0434"
"267790","20250728","DY","0.0118"
"267850","20250728","DY","0.0422"
"267980","20250728","DY","0.0339"
"268280","20250728","DY","0.017"
"271560","20250728","DY","0.0226"
"272210","20250728","DY","0.0061"
"272290","20250728","DY","0.0128"
"272550","20250728","DY","0.0366"
"273640","20250728","DY","0.0152"
"277070","20250728","DY","0.0158"
"277410","20250728","DY","0.0149"
"280360","20250728","DY","0.0273"
"281740","20250728","DY","0.0039"
"281820","20250728","DY","0.0091"
"282330","20250728","DY","0.0364"
"282880","20250728","DY","0.0163"
"284740","20250728","DY","0.0372"
"285130","20250728","DY","0.0168"
"285490","20250728","DY","0.0748"
"286940","20250728","DY","0.0326"
"288620","20250728","DY","0.0046"
"289080","20250728","DY","0.0124"
"290090","20250728","DY","0.0683"
"290120","20250728","DY","0.0303"
"290270","20250728","DY","0.0111"
"290650","20250728","DY","0.0014"
"290740","20250728","DY","0.0182"
"293480","20250728","DY","0.0432"
"293580","20250728","DY","0.0151"
"294570","20250728","DY","0.004"
"294870","20250728","DY","0.0308"
"296640","20250728","DY","0.0349"
"297890","20250728","DY","0.0129"
"298020","20250728","DY","0.0405"
"298040","20250728","DY","0.0039"
"298050","20250728","DY","0.0323"
"298540","20250728","DY","0.0437"
"300720","20250728","DY","0.054"
"306200","20250728","DY","0.0427"
"307280","20250728","DY","0.0185"
"307750","20250728","DY","0.0024"
"307950","20250728","DY","0.011"
"309960","20250728","DY","0.0422"
"310870","20250728","DY","0.014"
"311320","20250728","DY","0.0076"
"316140","20250728","DY","0.0487"
"317400","20250728","DY","0.0427"
"317850","20250728","DY","0.0056"
"318000","20250728","DY","0.0148"
"318010","20250728","DY","0.0249"
"318410","20250728","DY","0.0439"
"319400","20250728","DY","0.0105"
"319660","20250728","DY","0.0193"
"321260","20250728","DY","0.01"
"323410","20250728","DY","0.0126"
"329180","20250728","DY","0.0045"
"330730","20250728","DY","0.0445"
"332370","20250728","DY","0.0362"
"333050","20250728","DY","0.0115"
"333620","20250728","DY","0.0208"
"335890","20250728","DY","0.0016"
"336370","20250728","DY","0.0012"
"336570","20250728","DY","0.0038"
"336680","20250728","DY","0.0253"
"337930","20250728","DY","0.0296"
"339770","20250728","DY","0.0195"
"339950","20250728","DY","0.0151"
"340440","20250728","DY","0.0303"
"340570","20250728","DY","0.0129"
"344820","20250728","DY","0.0562"
"344860","20250728","DY","0.0416"
"347740","20250728","DY","0.0136"
"347890","20250728","DY","0.0401"
"348210","20250728","DY","0.0107"
"352090","20250728","DY","0.0969"
"352480","20250728","DY","0.0254"
"352700","20250728","DY","0.0182"
"352820","20250728","DY","0.0008"
"353200","20250728","DY","0.0193"
"353810","20250728","DY","0.0362"
"356860","20250728","DY","0.0074"
"356890","20250728","DY","0.0091"
"357230","20250728","DY","0.0142"
"357780","20250728","DY","0.0099"
"359090","20250728","DY","0.0097"
"362990","20250728","DY","0.0096"
"365330","20250728","DY","0.0106"
"366030","20250728","DY","0.0212"
"368770","20250728","DY","0.0107"
"372170","20250728","DY","0.0062"
"375500","20250728","DY","0.0116"
"376180","20250728","DY","0.029"
"376290","20250728","DY","0.0691"
"376300","20250728","DY","0.0045"
"377330","20250728","DY","0.0331"
"377740","20250728","DY","0.0386"
"378340","20250728","DY","0.005"
"378850","20250728","DY","0.023"
"381620","20250728","DY","0.0136"
"381970","20250728","DY","0.0742"
"382480","20250728","DY","0.0053"
"382840","20250728","DY","0.0211"
"383220","20250728","DY","0.0241"
"383310","20250728","DY","0.0114"
"383800","20250728","DY","0.0348"
"396470","20250728","DY","0.0056"
"403870","20250728","DY","0.0235"
"405100","20250728","DY","0.0367"
"408920","20250728","DY","0.038"
"413390","20250728","DY","0.014"
"413630","20250728","DY","0.039"
"415380","20250728","DY","0.0286"
"416180","20250728","DY","0.0042"
"417500","20250728","DY","0.0301"
"417790","20250728","DY","0.0247"
"417970","20250728","DY","0.0192"
"419120","20250728","DY","0.0115"
"420570","20250728","DY","0.0204"
"420770","20250728","DY","0.0324"
"425040","20250728","DY","0.0143"
"437730","20250728","DY","0.0041"
"440290","20250728","DY","0.0922"
"443060","20250728","DY","0.0164"
"445180","20250728","DY","0.0186"
"446070","20250728","DY","0.019"
"448280","20250728","DY","0.0352"
"448710","20250728","DY","0.0061"
"450140","20250728","DY","0.0272"
"450330","20250728","DY","0.0089"
"450950","20250728","DY","0.0031"
"451250","20250728","DY","0.0133"
"452300","20250728","DY","0.0083"
"452400","20250728","DY","0.0153"
"453340","20250728","DY","0.02"
"456040","20250728","DY","0.0383"
"457550","20250728","DY","0.0075"
"458650","20250728","DY","0.011"
"459100","20250728","DY","0.0438"
"460850","20250728","DY","0.0804"
"460860","20250728","DY","0.0558"
"460930","20250728","DY","0.005"
"460940","20250728","DY","0.0038"
"461300","20250728","DY","0.0365"
"462520","20250728","DY","0.0679"
"471820","20250728","DY","0.0301"
"472850","20250728","DY","0.0246"
"475430","20250728","DY","0.0184"
"475560","20250728","DY","0.0111"
"478560","20250728","DY","0.096"
"479960","20250728","DY","0.0496"
"483650","20250728","DY","0.0015"
"484870","20250728","DY","0.0091"
